{"cameraMode":{"drawMode":0,"name":"Shaded","section":"Shading Mode"},"sceneLighting":true,"audioPlay":false,"sceneViewState":{"showFog":true,"showMaterialUpdate":false,"showSkybox":true,"showFlares":true,"showImageEffects":true,"showParticleSystems":true},"in2DMode":false,"pivot":{"x":-60.58586883544922,"y":-14.833148956298829,"z":18.743267059326173},"rotation":{"x":-0.3941907584667206,"y":-0.22460868954658509,"z":0.09998214244842529,"w":-0.8855326771736145},"size":91.47772216796875,"orthographic":false}